configuration,backend,workload,rate_rps,repetitions,requests_total,completed_total,completed_within_window_total,failed_total,failure_fraction,slo_goodput_median_rps,slo_goodput_min_rps,slo_goodput_max_rps,emitted_tokens_per_s_median,window_ttft_p99_median_s,window_ttft_p99_sample_counts,fragmentation_time_weighted_median,queue_midpoint_median,queue_end_median,peak_gpu_memory_used_mib_max_sampled,preemptions_total_sampled,recomputed_tokens_total_sampled
flashinfer-b16-n16-long,flashinfer,long,0.1,3,15,15,15,0,0.0,0.1,0.03333333333333333,0.11666666666666667,3.2,0.26509347000046546,"[2, 7, 6]",0.0002604114982196486,0,0,6778,0,0
flashinfer-b16-n16-long,flashinfer,long,0.2,3,34,34,34,0,0.0,0.21666666666666667,0.08333333333333333,0.26666666666666666,6.933333333333334,0.29990814399934607,"[5, 16, 13]",0.0004766109099828918,0,0,6778,0,0
flashinfer-b16-n16-long,flashinfer,long,0.4,3,77,77,74,0,0.0,0.4166666666666667,0.38333333333333336,0.43333333333333335,13.483333333333333,0.3012823319995732,"[23, 26, 25]",0.0010163753956905616,0,1,7970,0,0
flashinfer-b16-n16-long,flashinfer,long,0.8,3,152,152,149,0,0.0,0.75,0.7333333333333333,0.9666666666666667,25.066666666666666,0.8005742710001869,"[44, 58, 47]",0.002172058408214198,2,0,7970,0,0
flashinfer-b16-n16-long,flashinfer,long,1.6,3,326,326,313,0,0.0,0.9166666666666666,0.8666666666666667,1.5333333333333334,54.93333333333333,3.5497728179998376,"[102, 109, 102]",0.0035373733770495217,1,4,7970,0,0
flashinfer-b16-n16-short,flashinfer,short,0.5,3,101,101,98,0,0.0,0.5833333333333334,0.43333333333333335,0.6166666666666667,38.56666666666667,0.08089689999997063,"[26, 35, 37]",0.023314623978057867,2,1,4192,0,0
flashinfer-b16-n16-short,flashinfer,short,1.0,3,193,193,187,0,0.0,0.9833333333333333,0.9666666666666667,1.1666666666666667,64.88333333333334,0.09781884799986074,"[59, 70, 58]",0.03763906636559982,2,1,4338,0,0
flashinfer-b16-n16-short,flashinfer,short,2.0,3,387,387,377,0,0.0,2.1166666666666667,2.0,2.1666666666666665,136.55,0.1451263150001978,"[130, 127, 120]",0.04279728553616611,6,3,4338,0,0
flashinfer-b16-n16-short,flashinfer,short,3.0,3,576,576,541,0,0.0,2.6,1.4,2.7,203.28333333333333,1.767235313999663,"[184, 183, 174]",0.04495762242690862,17,15,4338,0,0
flashinfer-b16-n16-short,flashinfer,short,4.0,3,735,735,566,0,0.0,0.43333333333333335,0.35,0.45,210.83333333333334,11.618712994999896,"[184, 193, 189]",0.04255353097177082,39,56,4338,0,0
flashinfer-b16-n16-short,flashinfer,short,6.0,3,1095,885,577,210,0.1917808219178082,0.26666666666666666,0.26666666666666666,0.3,211.36666666666667,24.81746006700041,"[194, 192, 191]",0.04354749208758946,99,141,4914,0,0
reference-b16-n1-ablation,reference,short,2.0,3,387,127,84,260,0.6718346253229974,0.0,0.0,0.05,32.15,45.3723237410004,"[30, 26, 28]",0.05185928468715153,48,102,4120,0,0
reference-b16-n16-long,reference,long,0.1,3,15,15,15,0,0.0,0.1,0.03333333333333333,0.11666666666666667,3.2,0.26286467899990384,"[2, 7, 6]",0.00038324823512124093,0,0,5310,0,0
reference-b16-n16-long,reference,long,0.2,3,34,34,34,0,0.0,0.21666666666666667,0.08333333333333333,0.26666666666666666,6.933333333333334,0.30980261500008055,"[5, 16, 13]",0.0009741673196137423,0,0,5310,0,0
reference-b16-n16-long,reference,long,0.4,3,77,77,70,0,0.0,0.4,0.35,0.4166666666666667,13.433333333333334,0.5959440679998806,"[21, 24, 25]",0.0013396883774715975,0,2,6502,0,0
reference-b16-n16-long,reference,long,0.8,3,152,152,148,0,0.0,0.65,0.6333333333333333,0.8666666666666667,25.066666666666666,2.0965689240001666,"[43, 58, 47]",0.002886015378160241,2,0,6502,0,0
reference-b16-n16-long,reference,long,1.6,3,326,315,213,11,0.03374233128834356,0.08333333333333333,0.03333333333333333,0.13333333333333333,39.15,17.39655093499914,"[64, 77, 72]",0.0038664693966802928,14,36,6502,0,0
reference-b16-n16-short,reference,short,0.5,3,101,101,92,0,0.0,0.5166666666666667,0.4166666666666667,0.5333333333333333,36.43333333333333,0.18156210999995892,"[25, 32, 35]",0.03547674595748291,2,3,4120,0,0
reference-b16-n16-short,reference,short,1.0,3,193,193,160,0,0.0,0.26666666666666666,0.08333333333333333,0.5333333333333333,60.833333333333336,1.8273892229999547,"[48, 58, 54]",0.04387453186441696,11,12,4122,0,0
reference-b16-n16-short,reference,short,2.0,3,387,295,183,92,0.23772609819121446,0.0,0.0,0.05,75.36666666666666,19.201983165,"[58, 64, 61]",0.044098417798882315,38,63,4482,0,0
reference-b16-n16-short,reference,short,3.0,3,576,290,188,286,0.4965277777777778,0.0,0.0,0.03333333333333333,73.48333333333333,28.951802530000123,"[60, 64, 64]",0.04600768921308302,84,131,4914,0,0
reference-b16-n16-short,reference,short,4.0,3,735,288,192,447,0.6081632653061224,0.0,0.0,0.0,77.6,30.950023746999932,"[64, 64, 64]",0.046327219830774743,105,144,4914,0,0
reference-b16-n16-short,reference,short,6.0,3,1095,288,192,807,0.736986301369863,0.0,0.0,0.0,75.06666666666666,35.32026009299989,"[64, 64, 64]",0.04451147881594307,140,141,4914,0,0
reference-b32-n1-ablation,reference,short,2.0,3,387,129,84,258,0.6666666666666666,0.0,0.0,0.05,32.31666666666667,44.856811999,"[30, 26, 28]",0.10945265218939472,48,102,4120,0,0
reference-b32-n16-ablation,reference,short,2.0,3,387,299,193,88,0.22739018087855298,0.0,0.0,0.05,76.46666666666667,17.209674843999892,"[63, 66, 64]",0.08694485715774258,36,64,4482,0,0
