configuration,backend,workload,rate_index,repetition,rate_rps,requests,completed_total,failed,completed_within_window,completed_during_drain,slo_goodput_rps,emitted_output_tokens_per_s,window_completed_client_ttft_p99_s,client_send_lag_p99_s,resource_samples_in_window,fragmentation_coverage_fraction,time_weighted_internal_fragmentation,queue_at_midpoint,queue_at_last_window_sample,peak_queued_or_active_requests_sampled,minimum_free_blocks_sampled,peak_allocated_kv_slots_sampled,preemptions_window_delta_sampled,recomputed_tokens_window_delta_sampled,peak_gpu_memory_used_mib_sampled
flashinfer-b16-n16-long,flashinfer,long,0,0,0.1,2,2,0,2,0,0.03333333333333333,1.0666666666666667,0.2625494690000778,0.0016134212221814437,59,0.984133776028951,0.0001235131513402866,0,0,1,454,2096,0,0,6778
flashinfer-b16-n16-long,flashinfer,long,0,1,0.1,7,7,0,7,0,0.11666666666666667,3.7333333333333334,0.26509347000046546,0.0017249148081353027,58,0.9841620286305746,0.0004496913915328559,0,0,2,390,3120,0,0,6778
flashinfer-b16-n16-long,flashinfer,long,0,2,0.1,6,6,0,6,0,0.1,3.2,0.2653640850003285,0.0017765719790467926,58,0.9841539740562439,0.0002604114982196486,0,0,1,391,3104,0,0,6778
flashinfer-b16-n16-long,flashinfer,long,1,0,0.2,5,5,0,5,0,0.08333333333333333,2.6666666666666665,0.3029342279996854,0.0018149091107666493,59,0.9841364622116089,0.0002188707482301945,0,0,1,390,3120,0,0,6778
flashinfer-b16-n16-long,flashinfer,long,1,1,0.2,16,16,0,16,0,0.26666666666666666,8.533333333333333,0.263785819000077,0.001764970904090557,59,0.9841243147850036,0.0005141146948005352,0,0,3,260,5200,0,0,6778
flashinfer-b16-n16-long,flashinfer,long,1,2,0.2,13,13,0,13,0,0.21666666666666667,6.933333333333334,0.29990814399934607,0.0015592109901003681,58,0.9841472585995992,0.0004766109099828918,0,0,2,196,6224,0,0,6778
flashinfer-b16-n16-long,flashinfer,long,2,0,0.4,23,23,0,23,0,0.38333333333333336,12.266666666666667,0.3012823319995732,0.0017500300549020409,58,0.9841611703236898,0.0012029539181021376,0,2,2,261,5184,0,0,6778
flashinfer-b16-n16-long,flashinfer,long,2,1,0.4,28,28,0,26,2,0.43333333333333335,14.283333333333333,0.2772810680007751,0.0015731794522861886,58,0.9842020352681478,0.0008800114369198807,0,1,4,196,6224,0,0,7970
flashinfer-b16-n16-long,flashinfer,long,2,2,0.4,26,26,0,25,1,0.4166666666666667,13.483333333333333,0.30821049099995435,0.0016870624948621682,58,0.98418656984965,0.0010163753956905616,0,1,3,259,5216,0,0,7970
flashinfer-b16-n16-long,flashinfer,long,3,0,0.8,45,45,0,44,1,0.7333333333333333,23.683333333333334,0.8005742710001869,0.0016197560272859235,58,0.9842084646224976,0.0018674428706811014,2,1,4,130,7280,0,0,7970
flashinfer-b16-n16-long,flashinfer,long,3,1,0.8,60,60,0,58,2,0.9666666666666667,31.233333333333334,0.7807560800001738,0.0016412022261497183,58,0.9842293500900269,0.0031332547795382324,5,0,5,66,8304,0,0,7970
flashinfer-b16-n16-long,flashinfer,long,3,2,0.8,47,47,0,47,0,0.75,25.066666666666666,1.6802102009996815,0.0017839197470883583,58,0.9842939217885335,0.002172058408214198,1,0,4,67,8288,0,0,7970
flashinfer-b16-n16-long,flashinfer,long,4,0,1.6,111,111,0,102,9,0.8666666666666667,54.81666666666667,3.774600957000075,0.00041145770215500477,58,0.9844220479329427,0.003232343062923095,3,13,14,63,8352,0,0,7970
flashinfer-b16-n16-long,flashinfer,long,4,1,1.6,111,111,0,109,2,1.5333333333333334,58.766666666666666,2.265473326000574,0.00044828965702237156,58,0.9844295422236125,0.0037448270945903217,1,4,7,64,8336,0,0,7970
flashinfer-b16-n16-long,flashinfer,long,4,2,1.6,104,104,0,102,2,0.9166666666666666,54.93333333333333,3.5497728179998376,0.0005700704246862642,58,0.9843528588612874,0.0035373733770495217,0,2,9,61,8384,0,0,7970
flashinfer-b16-n16-short,flashinfer,short,0,0,0.5,27,27,0,26,1,0.43333333333333335,28.266666666666666,0.07820209800001976,0.0015118596444674282,58,0.9841348091761272,0.01780643480727168,1,1,3,551,544,0,0,4192
flashinfer-b16-n16-short,flashinfer,short,0,1,0.5,37,37,0,35,2,0.5833333333333334,38.56666666666667,0.10746194500006823,0.0015560865613164498,58,0.9841302911440531,0.023314623978057867,4,4,4,531,864,0,0,4192
flashinfer-b16-n16-short,flashinfer,short,0,2,0.5,37,37,0,37,0,0.6166666666666667,39.46666666666667,0.08089689999997063,0.0016060117956007147,58,0.9841478705406189,0.027425501385900733,2,0,3,540,720,0,0,4192
flashinfer-b16-n16-short,flashinfer,short,1,0,1.0,59,59,0,59,0,0.9833333333333333,62.93333333333333,0.09624344099984228,0.001544537821999814,58,0.9841358423233032,0.03187241412726989,2,0,5,519,1056,0,0,4192
flashinfer-b16-n16-short,flashinfer,short,1,1,1.0,71,71,0,70,1,1.1666666666666667,75.45,0.09781884799986074,0.0015204647809211602,58,0.9841412941614787,0.04660522486761996,5,1,6,529,896,0,0,4338
flashinfer-b16-n16-short,flashinfer,short,1,2,1.0,63,63,0,58,5,0.9666666666666667,64.88333333333334,0.12699918899988916,0.0015286733978920886,58,0.9841211636861166,0.03763906636559982,0,4,9,477,1728,0,0,4338
flashinfer-b16-n16-short,flashinfer,short,2,0,2.0,135,135,0,130,5,2.1666666666666665,142.06666666666666,0.19480979199988724,0.0003518007569738302,58,0.9841679533322653,0.04008718091578616,7,3,17,405,2880,0,0,4338
flashinfer-b16-n16-short,flashinfer,short,2,1,2.0,129,129,0,127,2,2.1166666666666667,136.55,0.13711572500005786,0.0003633795665010098,58,0.9841295282046,0.050028213314614156,3,2,11,439,2336,0,0,4338
flashinfer-b16-n16-short,flashinfer,short,2,2,2.0,123,123,0,120,3,2.0,128.66666666666666,0.1451263150001978,0.0004177651135179872,58,0.9841433644294739,0.04279728553616611,6,3,14,427,2528,0,0,4338
flashinfer-b16-n16-short,flashinfer,short,3,0,3.0,199,199,0,184,15,1.4,203.76666666666668,3.787769469000068,0.00037893320942927744,58,0.9841654777526856,0.04432810104609539,28,15,29,369,3456,0,0,4338
flashinfer-b16-n16-short,flashinfer,short,3,1,3.0,202,202,0,183,19,2.6,203.28333333333333,1.5342567829998188,0.0003259883007302733,58,0.9841442863146465,0.0483265937103086,17,16,21,364,3536,0,0,4338
flashinfer-b16-n16-short,flashinfer,short,3,2,3.0,175,175,0,174,1,2.7,186.01666666666668,1.767235313999663,0.0003806040186452586,58,0.9841375192006429,0.04495762242690862,16,4,20,367,3488,0,0,4338
flashinfer-b16-n16-short,flashinfer,short,4,0,4.0,243,243,0,184,59,0.35,207.73333333333332,14.491069380000226,0.0005678649847631334,58,0.9844613631566366,0.041504244736905796,51,58,65,367,3488,0,0,4338
flashinfer-b16-n16-short,flashinfer,short,4,1,4.0,251,251,0,193,58,0.43333333333333335,213.5,11.618712994999896,0.0004778990459470833,58,0.9840794245402018,0.044936984555531176,39,56,61,370,3440,0,0,4338
flashinfer-b16-n16-short,flashinfer,short,4,2,4.0,241,241,0,189,52,0.45,210.83333333333334,7.985756704999858,0.00047115277103415565,58,0.9841551899909973,0.04255353097177082,34,51,51,363,3552,0,0,4338
flashinfer-b16-n16-short,flashinfer,short,5,0,6.0,339,291,48,194,97,0.3,211.36666666666667,26.95635287999994,0.0007788944880156023,58,0.9841963251431783,0.04354749208758946,110,141,144,369,3456,0,0,4338
flashinfer-b16-n16-short,flashinfer,short,5,1,6.0,384,304,80,192,112,0.26666666666666666,219.08333333333334,24.81746006700041,0.0012065816361186421,58,0.9842751185099284,0.045991478187604955,99,144,144,343,3872,0,0,4914
flashinfer-b16-n16-short,flashinfer,short,5,2,6.0,372,290,82,191,99,0.26666666666666666,210.75,23.62717857100006,0.00045786512857759476,58,0.9842146952946981,0.042866985304773925,85,139,144,363,3552,0,0,4914
reference-b16-n1-ablation,reference,short,2,0,2.0,135,45,90,30,15,0.05,32.15,42.02810700100008,0.0016095704110414832,58,0.9842310984929402,0.05111198591010507,47,104,104,565,320,0,0,4120
reference-b16-n1-ablation,reference,short,2,1,2.0,129,40,89,26,14,0.0,31.983333333333334,45.3723237410004,0.0014139928906600763,58,0.9841752092043559,0.05526691879900615,62,102,103,565,320,0,0,4120
reference-b16-n1-ablation,reference,short,2,2,2.0,123,42,81,28,14,0.0,32.833333333333336,45.462629690000085,0.0015404536991601159,58,0.9841514150301616,0.05185928468715153,48,93,93,565,320,0,0,4120
reference-b16-n16-long,reference,long,0,0,0.1,2,2,0,2,0,0.03333333333333333,1.0666666666666667,0.26380803499978356,0.001924228221731994,59,0.9841301242510477,0.00013550515133521363,0,0,1,390,3120,0,0,5310
reference-b16-n16-long,reference,long,0,1,0.1,7,7,0,7,0,0.11666666666666667,3.7333333333333334,0.26283683300061966,0.0018951698079652246,58,0.9841291626294454,0.0006723952903426254,0,0,3,388,3152,0,0,5310
reference-b16-n16-long,reference,long,0,2,0.1,6,6,0,6,0,0.1,3.2,0.26286467899990384,0.0014975169802191601,59,0.9841662446657816,0.00038324823512124093,0,0,1,390,3120,0,0,5310
reference-b16-n16-long,reference,long,1,0,0.2,5,5,0,5,0,0.08333333333333333,2.6666666666666665,0.3120399080007701,0.0015714751103992342,59,0.9841288725535074,0.00029095595766366334,0,0,2,325,4160,0,0,5310
reference-b16-n16-long,reference,long,1,1,0.2,16,16,0,16,0,0.26666666666666666,8.533333333333333,0.26301137000064045,0.0014658379038645641,59,0.9841473778088887,0.0014648741020829102,0,0,4,195,6240,0,0,5310
reference-b16-n16-long,reference,long,1,2,0.2,13,13,0,13,0,0.21666666666666667,6.933333333333334,0.30980261500008055,0.0015489149898453292,58,0.984153934319814,0.0009741673196137423,0,0,2,198,6192,0,0,5310
reference-b16-n16-long,reference,long,2,0,0.4,23,23,0,21,2,0.35,12.05,0.31585268799972255,0.0016258640556063853,58,0.9841726660728455,0.001157732766756388,0,2,3,196,6224,0,0,5310
reference-b16-n16-long,reference,long,2,1,0.4,28,28,0,24,4,0.4,13.683333333333334,0.5959440679998806,0.0015711844520109874,58,0.9841610193252563,0.0013396883774715975,0,2,4,195,6240,0,0,6502
reference-b16-n16-long,reference,long,2,2,0.4,26,26,0,25,1,0.4166666666666667,13.433333333333334,0.6726934540001821,0.0016893834944182728,58,0.9841655929883321,0.001975378620398253,1,1,3,197,6208,0,0,6502
reference-b16-n16-long,reference,long,3,0,0.8,45,45,0,43,2,0.65,23.533333333333335,1.9146352689995183,0.0015848410277259362,58,0.9842270215352377,0.002222828682141586,4,2,5,65,8320,0,0,6502
reference-b16-n16-long,reference,long,3,1,0.8,60,60,0,58,2,0.8666666666666667,31.133333333333333,2.0965689240001666,0.001799719225512919,58,0.9842431664466857,0.0040467359409150135,2,0,6,65,8320,0,0,6502
reference-b16-n16-long,reference,long,3,2,0.8,47,47,0,47,0,0.6333333333333333,25.066666666666666,4.1178868960005275,0.0018640627476478322,58,0.984221084912618,0.002886015378160241,1,0,8,62,8368,0,0,6502
reference-b16-n16-long,reference,long,4,0,1.6,111,100,11,64,36,0.13333333333333333,35.13333333333333,17.39655093499914,0.00047258885359724445,58,0.9844304005304972,0.003269775784440777,14,47,47,62,8368,0,0,6502
reference-b16-n16-long,reference,long,4,1,1.6,111,111,0,77,34,0.03333333333333333,41.53333333333333,17.640419745000145,0.0005619184814165123,58,0.9843485434850057,0.004377526761465564,23,36,36,58,8432,0,0,6502
reference-b16-n16-long,reference,long,4,2,1.6,104,104,0,72,32,0.08333333333333333,39.15,14.96202735999941,0.00038805384979312407,58,0.9843681613604228,0.0038664693966802928,13,30,32,63,8352,0,0,6502
reference-b16-n16-short,reference,short,0,0,0.5,27,27,0,25,2,0.4166666666666667,27.966666666666665,0.1437299769999072,0.0016107576443866733,58,0.9841413378715516,0.021729294201780307,1,1,4,527,928,0,0,4120
reference-b16-n16-short,reference,short,0,1,0.5,37,37,0,32,5,0.5333333333333333,36.43333333333333,0.18156210999995892,0.0017114615616204976,58,0.9841249744097392,0.03727682955304755,3,4,6,530,880,0,0,4120
reference-b16-n16-short,reference,short,0,2,0.5,37,37,0,35,2,0.5166666666666667,39.083333333333336,0.24306255600004079,0.0015780977960124787,58,0.9841163516044616,0.03547674595748291,2,3,8,483,1632,0,0,4120
reference-b16-n16-short,reference,short,1,0,1.0,59,59,0,48,11,0.26666666666666666,58.63333333333333,0.29251040500003,0.0015849288221976288,58,0.9841184298197428,0.03614696238788085,7,12,13,429,2496,0,0,4122
reference-b16-n16-short,reference,short,1,1,1.0,71,71,0,58,13,0.08333333333333333,69.95,2.3266566249999414,0.001780607780798804,58,0.9841225067774455,0.05628599483912521,11,12,19,437,2368,0,0,4122
reference-b16-n16-short,reference,short,1,2,1.0,63,63,0,54,9,0.5333333333333333,60.833333333333336,1.8273892229999547,0.0015681713979840417,58,0.984164834022522,0.04387453186441696,14,7,17,405,2880,0,0,4122
reference-b16-n16-short,reference,short,2,0,2.0,135,99,36,58,41,0.05,71.81666666666666,19.201983165,0.0016143224110367616,58,0.9841408809026082,0.03805986422706388,38,77,77,356,3664,0,0,4122
reference-b16-n16-short,reference,short,2,1,2.0,129,98,31,64,34,0.0,77.26666666666667,20.495506747000036,0.0015977348904228639,58,0.9841572801272075,0.053014346243805875,46,63,70,391,3104,0,0,4482
reference-b16-n16-short,reference,short,2,2,2.0,123,98,25,61,37,0.0,75.36666666666666,15.992371995999974,0.001613996698804021,58,0.9841363350550334,0.044098417798882315,35,59,60,375,3360,0,0,4482
reference-b16-n16-short,reference,short,3,0,3.0,199,98,101,60,38,0.03333333333333333,73.48333333333333,27.711867457999915,0.005960285975589841,58,0.9840792338053386,0.0391544442959186,84,139,139,358,3632,0,0,4482
reference-b16-n16-short,reference,short,3,1,3.0,202,96,106,64,32,0.0,77.03333333333333,29.70143262800002,0.0013842319268244363,58,0.9841296076774597,0.054275511445532436,76,131,131,378,3312,0,0,4914
reference-b16-n16-short,reference,short,3,2,3.0,175,96,79,64,32,0.0,73.35,28.951802530000123,0.00588722271036346,58,0.984333864847819,0.04600768921308302,84,119,125,362,3568,0,0,4914
reference-b16-n16-short,reference,short,4,0,4.0,243,96,147,64,32,0.0,77.6,28.90082554300011,0.001564408205542489,58,0.9843529621760051,0.039591503057497576,105,144,144,357,3648,0,0,4914
reference-b16-n16-short,reference,short,4,1,4.0,251,96,155,64,32,0.0,78.13333333333334,33.389540848000024,0.0013816974453099429,58,0.9841763734817505,0.054480589695197326,111,144,144,380,3280,0,0,4914
reference-b16-n16-short,reference,short,4,2,4.0,241,96,145,64,32,0.0,76.1,30.950023746999932,0.0013823433495313564,58,0.9841840545336406,0.046327219830774743,104,140,144,366,3504,0,0,4914
reference-b16-n16-short,reference,short,5,0,6.0,339,96,243,64,32,0.0,75.06666666666666,35.93724259700002,0.0005153530760946268,58,0.9841979503631592,0.04093264230830638,144,133,144,353,3712,0,0,4914
reference-b16-n16-short,reference,short,5,1,6.0,384,96,288,64,32,0.0,75.78333333333333,35.32026009299989,0.0003590114836349301,58,0.9842182914415996,0.05388264385065094,133,144,144,389,3136,0,0,4914
reference-b16-n16-short,reference,short,5,2,6.0,372,96,276,64,32,0.0,74.01666666666667,34.7000319629999,0.000331174297122816,58,0.9842004259427388,0.04451147881594307,140,141,144,364,3536,0,0,4914
reference-b32-n1-ablation,reference,short,2,0,2.0,135,45,90,30,15,0.05,32.1,41.93516610700044,0.0014103174113773154,58,0.9841506004333496,0.10222446003218945,45,104,104,282,320,0,0,4120
reference-b32-n1-ablation,reference,short,2,1,2.0,129,41,88,26,15,0.0,32.31666666666667,44.856811999,0.001299240890487774,58,0.9841576059659322,0.14586643052249243,59,102,102,282,320,0,0,4120
reference-b32-n1-ablation,reference,short,2,2,2.0,123,43,80,28,15,0.0,33.06666666666667,45.31983074499976,0.001644734699109085,58,0.9840766350428264,0.10945265218939472,48,93,93,282,320,0,0,4120
reference-b32-n16-ablation,reference,short,2,0,2.0,135,101,34,63,38,0.05,74.83333333333333,17.209674843999892,0.0016967894113479876,58,0.9841511845588684,0.07278026870168448,36,73,74,174,3776,0,0,4122
reference-b32-n16-ablation,reference,short,2,1,2.0,129,98,31,66,32,0.0,78.68333333333334,21.51793475100021,0.0013881188905300879,58,0.9841243982315063,0.10398209190522895,44,64,69,190,3264,0,0,4482
reference-b32-n16-ablation,reference,short,2,2,2.0,123,100,23,64,36,0.0,76.46666666666667,17.09058040200034,0.0004368014902667028,58,0.9841046651204427,0.08694485715774258,35,59,59,185,3424,0,0,4482
