engine,rate_index,target_rate_rps,repetitions,median_of_run_p99_client_ttft_s,min_run_p99_client_ttft_s,max_run_p99_client_ttft_s,median_of_run_p99_server_tpot_s,min_run_p99_server_tpot_s,max_run_p99_server_tpot_s,median_full_run_completed_output_tokens_per_s,median_failure_fraction,runs_with_failures
reference,0,1.0,3,0.12988375699933385,0.09142287999929977,0.13339850100055628,0.05185036286663186,0.05141885666671442,0.061714355333242564,16.450929363622702,0.0,0
reference,1,2.0,3,0.16820021599960455,0.16422703699936392,0.21837969700027315,0.08375100773337181,0.0820051334000406,0.11123316920008317,31.99726139652673,0.0,0
reference,2,4.0,3,0.754568415999529,0.6740752900004736,2.700461559001269,0.20956497400002264,0.20166960759997893,0.2206090108000353,61.7216129645054,0.0,0
reference,3,6.0,3,11.88491981900006,11.802199088000634,17.84328250100043,0.2151473052000559,0.21100048033331403,0.2156831868000154,75.43224818202015,0.0,0
reference,4,10.0,3,27.176744279999184,25.943951748999098,27.45799348899891,0.2134666305333667,0.2055285398666456,0.21912215406664473,74.18754867619995,0.3614457831325301,3
reference,5,16.0,3,26.8860547889999,26.636160083000505,26.996318736999456,0.21398554226664904,0.2121339533333715,0.2151719613999982,73.5857560879789,0.6114044350580782,3
flashinfer,0,1.0,3,0.0749212440005067,0.07482683499983978,0.1151677230009227,0.030606452333328586,0.027966527066625228,0.032994427133356416,16.483665619130626,0.0,0
flashinfer,1,2.0,3,0.10613435599952936,0.09031485199921008,0.14491645599991898,0.036492861866645396,0.03605694413333064,0.04501349713342885,31.996758288962795,0.0,0
flashinfer,2,4.0,3,0.12269232399921748,0.11398460000054911,0.15275350199954119,0.05337870440004432,0.04734985286668234,0.05380531873330862,63.44576677958096,0.0,0
flashinfer,3,6.0,3,0.16148038299979817,0.14939507999952184,0.18198711100012588,0.06742154839994327,0.06700913560004362,0.0760580913333494,92.55456949819647,0.0,0
flashinfer,4,10.0,3,1.3114016729996365,1.1073460079987854,1.4479928240016307,0.08985644693323895,0.08902647040000981,0.09018966106668813,153.49550726544763,0.0,0
flashinfer,5,16.0,3,11.822893798000223,11.7875731059994,11.905135261000396,0.09465209466664722,0.09405019486657692,0.1001767770000394,175.9498594374252,0.15995762711864406,3
