engine,adapter,rate_index,repetition,target_rate_rps,trace_sha256,replay_file_sha256,requests,completed,failed,timed_out,not_sent,missing_usage,p99_client_ttft_s,ttft_samples,p99_server_tpot_s,server_tpot_samples,p99_send_lag_s,full_run_completed_output_tokens_per_s,failure_fraction
reference,nanoserve-http,0,0,1.0,21727f95f736cfbfb454555c5e42b35163aa5943e45030f392704080d1a2d3f3,22d05af3b68a3d56dc01395b8670c56e1bc60654b2977b575a84bf3a5b7fe4ed,66,66,0,0,0,0,0.09142287999929977,66,0.05185036286663186,66,0.0017397053406162932,17.496751858580534,0.0
flashinfer,nanoserve-http,0,0,1.0,21727f95f736cfbfb454555c5e42b35163aa5943e45030f392704080d1a2d3f3,e4c64db9120378d9f8edbcf9da00e5104cd563fe942eec8decd99108c5649761,66,66,0,0,0,0,0.07482683499983978,66,0.030606452333328586,66,0.001686175341921281,17.54912972782564,0.0
reference,nanoserve-http,0,1,1.0,cd71fd18c3f7897dbe0828fcfc37c6c2dba921c89d58ef64812b44a160b945e7,32f5bd81b7003b3c41d0298b66b120c8a1c260d0a0911851a226acfddc4d76bb,62,62,0,0,0,0,0.13339850100055628,62,0.061714355333242564,62,0.0015485876953897915,16.450929363622702,0.0
flashinfer,nanoserve-http,0,1,1.0,cd71fd18c3f7897dbe0828fcfc37c6c2dba921c89d58ef64812b44a160b945e7,218cde898e9834b3f0adac7a3f1e22d89cc29110280233250080d872cf02a0b4,62,62,0,0,0,0,0.1151677230009227,62,0.032994427133356416,62,0.0013634706953888909,16.483665619130626,0.0
reference,nanoserve-http,0,2,1.0,3c9db5c5920055185305edee684635a77b860be50fe9f8f49b8c21fb2eb16e56,0648330aa4ca8e6640c6b95370e3697a9d4af9dea4f4cd2d020868930326b1b4,59,59,0,0,0,0,0.12988375699933385,59,0.05141885666671442,59,0.0015848348205769192,15.730059369486487,0.0
flashinfer,nanoserve-http,0,2,1.0,3c9db5c5920055185305edee684635a77b860be50fe9f8f49b8c21fb2eb16e56,1c9c65c0fbc5c0953404f3eb654787e8f5a7de4d4c730aeaba897f229a55bf3b,59,59,0,0,0,0,0.0749212440005067,59,0.027966527066625228,59,0.0017591408225858807,15.729817986682166,0.0
reference,nanoserve-http,1,0,2.0,eaa0a1a283965796b8a5e85acf0f557a888a709f76a7f2375542cab2423e309b,b8a7dc48c009678e03e59ba7b731cba7857fa90068e90b848c10945b8e6d1c37,120,120,0,0,0,0,0.16422703699936392,120,0.08375100773337181,120,0.0003534374559492903,31.99726139652673,0.0
flashinfer,nanoserve-http,1,0,2.0,eaa0a1a283965796b8a5e85acf0f557a888a709f76a7f2375542cab2423e309b,d3c45f15fdd0eba2061c64bd119f5eacff767a272165558699a25584bafe0d99,120,120,0,0,0,0,0.09031485199921008,120,0.036492861866645396,120,0.00032645407510756286,31.996758288962795,0.0
reference,nanoserve-http,1,1,2.0,cda1736c7bc7fa603f96e796d34fe752f9d2f8a95c002cce8a8e8830221f987b,d352e474c62a87ba651779a0e28a2bf940f1ddd0d4750aa687c1c62eb57d0441,115,115,0,0,0,0,0.16820021599960455,115,0.0820051334000406,115,0.0003610034156977804,30.656654470540108,0.0
flashinfer,nanoserve-http,1,1,2.0,cda1736c7bc7fa603f96e796d34fe752f9d2f8a95c002cce8a8e8830221f987b,58544bbe30a40e3f7dd184658ed4ca1e849696601d577ba11e608c1bf6bdd013,115,115,0,0,0,0,0.10613435599952936,115,0.03605694413333064,115,0.0004330162123558079,30.656414281891117,0.0
reference,nanoserve-http,1,2,2.0,80e41b0bdb8f5a72630df6a32d2275eac56ba8147eadb51494542765b48966a4,d7fbfc558a0c5dcca553a687e767dfe10fdbba930069ededb14299e050bbf3bf,135,135,0,0,0,0,0.21837969700027315,135,0.11123316920008317,135,0.0003441013623941558,35.994493678139015,0.0
flashinfer,nanoserve-http,1,2,2.0,80e41b0bdb8f5a72630df6a32d2275eac56ba8147eadb51494542765b48966a4,9dcde54cafbb33a9e0eef885867b9fd9b35b1834dfc6d56fa2474eea0b95161c,135,135,0,0,0,0,0.14491645599991898,135,0.04501349713342885,135,0.0004038628089766405,35.993794955899546,0.0
reference,nanoserve-http,2,0,4.0,eb0a41236ea7ba97b21b67b793ce3cd76d6ea92dbcfc6ef951d737c9591998a7,01e874f4c372c375c698035af1c325d745e3bd4efa0a9fc7dd1b8a27ac22f434,239,239,0,0,0,0,0.754568415999529,239,0.20956497400002264,239,0.00037963161960496983,61.7216129645054,0.0
flashinfer,nanoserve-http,2,0,4.0,eb0a41236ea7ba97b21b67b793ce3cd76d6ea92dbcfc6ef951d737c9591998a7,805b8d22673b93041458a86208feba451306c360f5f09ab60a3985f2dcd942a3,239,239,0,0,0,0,0.12269232399921748,239,0.04734985286668234,239,0.0003874133169018412,63.44576677958096,0.0
reference,nanoserve-http,2,1,4.0,43cff75a061cea51ec1fcf6cf9a15e3ad8c2302f5f42805f4c62b2543393b0ce,570f31280e13be438f30d7405fdd84d0a9bbe89140d996a6eb035847a05987d5,229,229,0,0,0,0,0.6740752900004736,229,0.20166960759997893,229,0.0003420031848122562,59.87758820697881,0.0
flashinfer,nanoserve-http,2,1,4.0,43cff75a061cea51ec1fcf6cf9a15e3ad8c2302f5f42805f4c62b2543393b0ce,48c66a7893c1755098129d5bb2806a99be99778016d628367c446bb5365bc78c,229,229,0,0,0,0,0.11398460000054911,229,0.05380531873330862,229,0.0003754360218468644,61.03738914603882,0.0
reference,nanoserve-http,2,2,4.0,ef09223c6a31660e7d8fdb3d0a1f5f17a905c8096de53c6d08d395da880f2673,6411303ad9d12dba68c073dd04010aba6d3c8494e5048bea4805ad6bc5f40ad2,243,243,0,0,0,0,2.700461559001269,243,0.2206090108000353,243,0.00043975169643317713,64.43567734146968,0.0
flashinfer,nanoserve-http,2,2,4.0,ef09223c6a31660e7d8fdb3d0a1f5f17a905c8096de53c6d08d395da880f2673,ab631b0010ef1a40e81cdfaa07129513b61ba4963f718536516376652f22118b,243,243,0,0,0,0,0.15275350199954119,243,0.05337870440004432,243,0.00031937848867258367,64.62965685324403,0.0
reference,nanoserve-http,3,0,6.0,c69039c3e05a24c204ee0ab56100b2a55b5671fb31a71bb3cb039b43c64fd26c,610a7795f5d58e2097f32786fce6602a1363c5b94d6958bddc4f58497754bc04,375,375,0,0,0,0,17.84328250100043,375,0.2156831868000154,375,0.0005932602109552931,75.36328260218343,0.0
flashinfer,nanoserve-http,3,0,6.0,c69039c3e05a24c204ee0ab56100b2a55b5671fb31a71bb3cb039b43c64fd26c,d961a6fece7a7bb2d9376a1619d568ba9df2b9f287a9a3e943ea5e88a724fcb4,375,375,0,0,0,0,0.16148038299979817,375,0.06742154839994327,375,0.0003706535542598033,99.54409107574352,0.0
reference,nanoserve-http,3,1,6.0,e0834651b7cc2e3b914d3ae652d30c6f78a123917063f1081a9b3f1d7f6056cf,55976c40f130f2c4699e982c4e5613eee37e5ee64adbb36b3f003cfd3e50de74,350,350,0,0,0,0,11.802199088000634,350,0.2151473052000559,350,0.00040437245056068605,76.11871792864466,0.0
flashinfer,nanoserve-http,3,1,6.0,e0834651b7cc2e3b914d3ae652d30c6f78a123917063f1081a9b3f1d7f6056cf,811d3736e207730a9489d2c9ade756d1981126160ed3ebadeb07dcd0f2044e05,350,350,0,0,0,0,0.14939507999952184,350,0.06700913560004362,350,0.0003439225774393151,92.55456949819647,0.0
reference,nanoserve-http,3,2,6.0,e9290879edaeab9c04dd0c6f97d27bffca8b8fb67f66c871f4c928fbc8bb4876,4efa4971a4ca20beae8c533db45958a107ea4da37ba9f62273f699fcb2501717,339,339,0,0,0,0,11.88491981900006,339,0.21100048033331403,339,0.00043912651323552154,75.43224818202015,0.0
flashinfer,nanoserve-http,3,2,6.0,e9290879edaeab9c04dd0c6f97d27bffca8b8fb67f66c871f4c928fbc8bb4876,94f47543e6827fc99d6e201ba8f9676a6d3f23dcd3b0543deaec1630f90e443c,339,339,0,0,0,0,0.18198711100012588,339,0.0760580913333494,339,0.00031945201964633796,89.69966102525115,0.0
reference,nanoserve-http,4,0,10.0,7a2d53fb01577cc970c8c129243da42b2384f85fe36c14717f48fd670abb9408,40f09d6768a07570d18f5f99e73c7d6ed3e40d9354f863ec1fc1adf5ef513f88,621,370,251,48,0,0,27.45799348899891,370,0.2134666305333667,370,0.00032730932075586416,73.9874992275029,0.40418679549114334
flashinfer,nanoserve-http,4,0,10.0,7a2d53fb01577cc970c8c129243da42b2384f85fe36c14717f48fd670abb9408,dc52417b4f8b55ff74a4b9dbd983c6362a22377c62e7eb06ebc69ad00959aad2,621,621,0,0,0,0,1.4479928240016307,621,0.08985644693323895,621,0.00031444929585688897,163.4467910090672,0.0
reference,nanoserve-http,4,1,10.0,0aaccf9a63fc262e837ee12bccff0330403142284725667c14b8bebb028e74cf,aa6d0602c66c39567a32895acd99864af165032e54b27eaff02dec5513706cda,577,384,193,32,0,0,25.943951748999098,384,0.2055285398666456,384,0.0004086636193818549,76.78750531566648,0.3344887348353553
flashinfer,nanoserve-http,4,1,10.0,0aaccf9a63fc262e837ee12bccff0330403142284725667c14b8bebb028e74cf,43a90e7ff6ac025e6f2354630720d9540c1831bec370ff4270457d1446ea960e,577,577,0,0,0,0,1.1073460079987854,577,0.08902647040000981,577,0.00031127279684284304,153.21052082215567,0.0
reference,nanoserve-http,4,2,10.0,acada4849e5bfa42814313df05b3766b0b006f7b7dadee37572cc648d9abf815,d0300cdac16710814425d469585db5694da039055ebeb74adac9511bbaa48b8a,581,371,210,45,0,0,27.176744279999184,371,0.21912215406664473,371,0.0004868165273208547,74.18754867619995,0.3614457831325301
flashinfer,nanoserve-http,4,2,10.0,acada4849e5bfa42814313df05b3766b0b006f7b7dadee37572cc648d9abf815,25c8edb0ac666b1205536c5638df561bc9593e5c6456a66b5c19658f54b6882d,581,581,0,0,0,0,1.3114016729996365,581,0.09018966106668813,581,0.0003427639137427718,153.49550726544763,0.0
reference,nanoserve-http,5,0,16.0,7c2bf796a10bc175d3e50c8dc8443821290a5133211608ed8f883cbf8c9fd13b,8b313e19625f12a3880c1f0ff39ab1e0c209ac8c24a004e337ed33e652272acd,959,368,591,48,0,0,26.996318736999456,368,0.2151719613999982,368,0.0003522840854124354,73.58628234510867,0.616266944734098
flashinfer,nanoserve-http,5,0,16.0,7c2bf796a10bc175d3e50c8dc8443821290a5133211608ed8f883cbf8c9fd13b,78c2b6d75c3ee7c931f1881f825c2a6d3958f69ff48b762d35e694aa0efd3073,959,789,170,0,0,0,11.822893798000223,789,0.09405019486657692,789,0.00044907604554111913,175.41682487147906,0.1772679874869656
reference,nanoserve-http,5,1,16.0,bbddb7103d096563f370236a5fb13e4eef6261533838568bb458b1b7eb159ebd,276d68e5e1e98d6fbf657d2c8ab46899e3f3e065ebd68a526a0963ec205b9ae1,944,368,576,48,0,0,26.8860547889999,368,0.2121339533333715,368,0.0004056645425265515,73.5857560879789,0.6101694915254238
flashinfer,nanoserve-http,5,1,16.0,bbddb7103d096563f370236a5fb13e4eef6261533838568bb458b1b7eb159ebd,106c536607133cb354a3a64fab098711cdd36909700bdb4858d860e48243ff8e,944,793,151,0,0,0,11.905135261000396,793,0.1001767770000394,793,0.0005311422045437553,175.9498594374252,0.15995762711864406
reference,nanoserve-http,5,2,16.0,86225aee9e1a35aecb2e90ee8eab6dce90c24b03702ca34afe558bceb6ef50bd,fde28ade50118eefe65e23d7d64ca1621b4e7b24d3bd2058fe05e06217d4c0aa,947,368,579,48,0,0,26.636160083000505,368,0.21398554226664904,368,0.0003352334774255894,73.58526312718308,0.6114044350580782
flashinfer,nanoserve-http,5,2,16.0,86225aee9e1a35aecb2e90ee8eab6dce90c24b03702ca34afe558bceb6ef50bd,47d47cdf83b0314164a067cb0e9b59c2b1f1c8641b16b9389a0a87a5c5011e3b,947,803,144,0,0,0,11.7875731059994,803,0.09465209466664722,803,0.0005193761087092241,178.08303452998618,0.15205913410770855
