engine,workload,rate_rps,requests_total,completed_within_window_total,failed_total,slo_goodput_median_rps,window_ttft_p99_median_s,window_ttft_p99_sample_counts
flashinfer,long,0.1,15,15,0,0.1,0.26509347000046546,"[2, 7, 6]"
flashinfer,long,0.2,34,34,0,0.21666666666666667,0.29990814399934607,"[5, 16, 13]"
flashinfer,long,0.4,77,74,0,0.4166666666666667,0.3012823319995732,"[23, 26, 25]"
flashinfer,long,0.8,152,149,0,0.75,0.8005742710001869,"[44, 58, 47]"
flashinfer,long,1.6,326,313,0,0.9166666666666666,3.5497728179998376,"[102, 109, 102]"
flashinfer,short,0.5,101,98,0,0.5833333333333334,0.08089689999997063,"[26, 35, 37]"
flashinfer,short,1.0,193,187,0,0.9833333333333333,0.09781884799986074,"[59, 70, 58]"
flashinfer,short,2.0,387,377,0,2.1166666666666667,0.1451263150001978,"[130, 127, 120]"
flashinfer,short,3.0,576,541,0,2.6,1.767235313999663,"[184, 183, 174]"
flashinfer,short,4.0,735,566,0,0.43333333333333335,11.618712994999896,"[184, 193, 189]"
flashinfer,short,6.0,1095,577,210,0.26666666666666666,24.81746006700041,"[194, 192, 191]"
reference,long,0.1,15,15,0,0.1,0.26286467899990384,"[2, 7, 6]"
reference,long,0.2,34,34,0,0.21666666666666667,0.30980261500008055,"[5, 16, 13]"
reference,long,0.4,77,70,0,0.4,0.5959440679998806,"[21, 24, 25]"
reference,long,0.8,152,148,0,0.65,2.0965689240001666,"[43, 58, 47]"
reference,long,1.6,326,213,11,0.08333333333333333,17.39655093499914,"[64, 77, 72]"
reference,short,0.5,101,92,0,0.5166666666666667,0.18156210999995892,"[25, 32, 35]"
reference,short,1.0,193,160,0,0.26666666666666666,1.8273892229999547,"[48, 58, 54]"
reference,short,2.0,387,183,92,0.0,19.201983165,"[58, 64, 61]"
reference,short,3.0,576,188,286,0.0,28.951802530000123,"[60, 64, 64]"
reference,short,4.0,735,192,447,0.0,30.950023746999932,"[64, 64, 64]"
reference,short,6.0,1095,192,807,0.0,35.32026009299989,"[64, 64, 64]"
vllm,long,0.1,15,15,0,0.1,0.06442243899982714,"[2, 7, 6]"
vllm,long,0.2,34,34,0,0.21666666666666667,0.06442543199955253,"[5, 16, 13]"
vllm,long,0.4,77,77,0,0.43333333333333335,0.06498768200071936,"[23, 28, 26]"
vllm,long,0.8,152,151,0,0.7833333333333333,0.06827183699897432,"[45, 59, 47]"
vllm,long,1.6,326,326,0,1.85,0.07417360900035419,"[111, 111, 104]"
vllm,short,0.5,101,101,0,0.6166666666666667,0.02204112300023553,"[27, 37, 37]"
vllm,short,1.0,193,193,0,1.05,0.019799086000602983,"[59, 71, 63]"
vllm,short,2.0,387,386,0,2.15,0.02258824500040646,"[135, 129, 122]"
vllm,short,3.0,576,573,0,3.3,0.0233033760005128,"[198, 200, 175]"
vllm,short,4.0,735,732,0,4.033333333333333,0.024999819999720785,"[242, 251, 239]"
vllm,short,6.0,1095,1082,0,6.1,0.026746878000267316,"[336, 380, 366]"
