engine,workload,rate_index,repetition,rate_rps,requests,completed_total,completed_within_window,completed_during_drain,failed,slo_goodput_rps,window_completed_client_ttft_p99_s,client_send_lag_p99_s
vllm,long,0,0,0.1,2,2,2,0,0,0.03333333333333333,0.06567078800071613,0.0016587842212985038
vllm,long,0,1,0.1,7,7,7,0,0,0.11666666666666667,0.06442243899982714,0.0016527098082113056
vllm,long,0,2,0.1,6,6,6,0,0,0.1,0.06425661399953242,0.0021213749801454185
vllm,long,1,0,0.2,5,5,5,0,0,0.08333333333333333,0.06501464400025725,0.001661163111425168
vllm,long,1,1,0.2,16,16,16,0,0,0.26666666666666666,0.06433486599962635,0.0021284559031609085
vllm,long,1,2,0.2,13,13,13,0,0,0.21666666666666667,0.06442543199955253,0.00160047398983032
vllm,long,2,0,0.4,23,23,23,0,0,0.38333333333333336,0.06613836799988349,0.0018546750564585324
vllm,long,2,1,0.4,28,28,28,0,0,0.4666666666666667,0.0643589739993331,0.0016244184520173288
vllm,long,2,2,0.4,26,26,26,0,0,0.43333333333333335,0.06498768200071936,0.0032534724958948047
vllm,long,3,0,0.8,45,45,45,0,0,0.75,0.06999878199894738,0.0016621800270160136
vllm,long,3,1,0.8,60,60,59,1,0,0.9833333333333333,0.06589148700004444,0.0018285502248395202
vllm,long,3,2,0.8,47,47,47,0,0,0.7833333333333333,0.06827183699897432,0.001659503746798574
vllm,long,4,0,1.6,111,111,111,0,0,1.85,0.2214055170006759,0.0004539719071061654
vllm,long,4,1,1.6,111,111,111,0,0,1.85,0.07417360900035419,0.0004939578435001479
vllm,long,4,2,1.6,104,104,104,0,0,1.7333333333333334,0.07138895099888032,0.00042820028313350633
vllm,short,0,0,0.5,27,27,27,0,0,0.45,0.024861078999492747,0.0020431336448902826
vllm,short,0,1,0.5,37,37,37,0,0,0.6166666666666667,0.019124725999972725,0.0016260385614199624
vllm,short,0,2,0.5,37,37,37,0,0,0.6166666666666667,0.02204112300023553,0.0018743397960028219
vllm,short,1,0,1.0,59,59,59,0,0,0.9833333333333333,0.01914231299997482,0.0015918738229889762
vllm,short,1,1,1.0,71,71,71,0,0,1.1833333333333333,0.027495532000102685,0.001632058780839274
vllm,short,1,2,1.0,63,63,63,0,0,1.05,0.019799086000602983,0.001737606397504532
vllm,short,2,0,2.0,135,135,135,0,0,2.25,0.02258824500040646,0.00039197299243909356
vllm,short,2,1,2.0,129,129,129,0,0,2.15,0.02432253999995737,0.0004233842960985612
vllm,short,2,2,2.0,123,123,122,1,0,2.033333333333333,0.020177579000119295,0.00045611307963255854
vllm,short,3,0,3.0,199,199,198,1,0,3.3,0.02699024899993674,0.000458974425370684
vllm,short,3,1,3.0,202,202,200,2,0,3.3333333333333335,0.0233033760005128,0.0005145482268318347
vllm,short,3,2,3.0,175,175,175,0,0,2.9166666666666665,0.023121440999602783,0.000508318531523555
vllm,short,4,0,4.0,243,243,242,1,0,4.033333333333333,0.025147121000372863,0.00043183020718728926
vllm,short,4,1,4.0,251,251,251,0,0,4.183333333333334,0.024999819999720785,0.00037644602876696354
vllm,short,4,2,4.0,241,241,239,2,0,3.9833333333333334,0.022978902999966522,0.00040586366422701303
vllm,short,5,0,6.0,339,339,336,3,0,5.6,0.026553916000011668,0.0004035861835021137
vllm,short,5,1,6.0,384,384,380,4,0,6.333333333333333,0.026746878000267316,0.00037978802807714374
vllm,short,5,2,6.0,372,372,366,6,0,6.1,0.027168169999640668,0.0004386878469873068
